CREATE DATABASE IF NOT EXISTS `a2c`;
USE `a2c`;

-- MySQL dump 10.13  Distrib 9.4.0, for Linux (x86_64)
--
-- Host: localhost    Database: a2c
-- ------------------------------------------------------
-- Server version	9.4.0

/*!40101 SET @OLD_CHARACTER_SET_CLIENT=@@CHARACTER_SET_CLIENT */;
/*!40101 SET @OLD_CHARACTER_SET_RESULTS=@@CHARACTER_SET_RESULTS */;
/*!40101 SET @OLD_COLLATION_CONNECTION=@@COLLATION_CONNECTION */;
/*!50503 SET NAMES utf8mb4 */;
/*!40103 SET @OLD_TIME_ZONE=@@TIME_ZONE */;
/*!40103 SET TIME_ZONE='+00:00' */;
/*!40014 SET @OLD_UNIQUE_CHECKS=@@UNIQUE_CHECKS, UNIQUE_CHECKS=0 */;
/*!40014 SET @OLD_FOREIGN_KEY_CHECKS=@@FOREIGN_KEY_CHECKS, FOREIGN_KEY_CHECKS=0 */;
/*!40101 SET @OLD_SQL_MODE=@@SQL_MODE, SQL_MODE='NO_AUTO_VALUE_ON_ZERO' */;
/*!40111 SET @OLD_SQL_NOTES=@@SQL_NOTES, SQL_NOTES=0 */;

--
-- Table structure for table `mstr_agent`
--

DROP TABLE IF EXISTS `mstr_agent`;
/*!40101 SET @saved_cs_client     = @@character_set_client */;
/*!50503 SET character_set_client = utf8mb4 */;
CREATE TABLE `mstr_agent` (
  `agent_id` int NOT NULL AUTO_INCREMENT,
  `document_number` varchar(20) CHARACTER SET utf8mb4 COLLATE utf8mb4_unicode_ci NOT NULL,
  `agent_name` varchar(250) CHARACTER SET utf8mb4 COLLATE utf8mb4_unicode_ci NOT NULL,
  `agent_last_name` varchar(250) CHARACTER SET utf8mb4 COLLATE utf8mb4_unicode_ci NOT NULL,
  `fk_document_type_id` int NOT NULL,
  `created_at` varchar(45) CHARACTER SET utf8mb4 COLLATE utf8mb4_unicode_ci DEFAULT NULL,
  `created_by` varchar(45) CHARACTER SET utf8mb4 COLLATE utf8mb4_unicode_ci DEFAULT NULL,
  `latitude` decimal(18,15) DEFAULT NULL,
  `longitude` decimal(18,15) DEFAULT NULL,
  `unit_id` int DEFAULT NULL,
  `is_active` tinyint DEFAULT '1',
  `is_assigned` int NOT NULL,
  `phone_number` int DEFAULT NULL,
  PRIMARY KEY (`agent_id`)
) ENGINE=InnoDB AUTO_INCREMENT=78 DEFAULT CHARSET=utf8mb4 COLLATE=utf8mb4_unicode_ci;
/*!40101 SET character_set_client = @saved_cs_client */;

--
-- Table structure for table `mstr_citizen`
--

DROP TABLE IF EXISTS `mstr_citizen`;
/*!40101 SET @saved_cs_client     = @@character_set_client */;
/*!50503 SET character_set_client = utf8mb4 */;
CREATE TABLE `mstr_citizen` (
  `citizen_id` int NOT NULL AUTO_INCREMENT,
  `citizen_name` varchar(45) CHARACTER SET utf8mb4 COLLATE utf8mb4_unicode_ci DEFAULT NULL,
  `citizen_apellidos` varchar(45) CHARACTER SET utf8mb4 COLLATE utf8mb4_unicode_ci DEFAULT NULL,
  `citizen_document` varchar(45) CHARACTER SET utf8mb4 COLLATE utf8mb4_unicode_ci NOT NULL,
  `citizen_phone` varchar(45) CHARACTER SET utf8mb4 COLLATE utf8mb4_unicode_ci DEFAULT NULL,
  `createt_at` datetime DEFAULT NULL,
  `created_by` varchar(45) CHARACTER SET utf8mb4 COLLATE utf8mb4_unicode_ci DEFAULT NULL,
  `update_at` datetime DEFAULT NULL,
  `update_by` varchar(45) CHARACTER SET utf8mb4 COLLATE utf8mb4_unicode_ci DEFAULT NULL,
  `is_active` tinyint DEFAULT '1',
  PRIMARY KEY (`citizen_id`,`citizen_document`)
) ENGINE=InnoDB DEFAULT CHARSET=utf8mb4 COLLATE=utf8mb4_unicode_ci;
/*!40101 SET character_set_client = @saved_cs_client */;

--
-- Table structure for table `mstr_document_type`
--

DROP TABLE IF EXISTS `mstr_document_type`;
/*!40101 SET @saved_cs_client     = @@character_set_client */;
/*!50503 SET character_set_client = utf8mb4 */;
CREATE TABLE `mstr_document_type` (
  `document_type_id` int NOT NULL AUTO_INCREMENT,
  `document_type_name` varchar(100) CHARACTER SET utf8mb4 COLLATE utf8mb4_unicode_ci NOT NULL,
  `created_at` datetime DEFAULT NULL,
  `created_by` varchar(45) CHARACTER SET utf8mb4 COLLATE utf8mb4_unicode_ci DEFAULT NULL,
  `is_active` tinyint DEFAULT NULL,
  PRIMARY KEY (`document_type_id`)
) ENGINE=InnoDB AUTO_INCREMENT=4 DEFAULT CHARSET=utf8mb4 COLLATE=utf8mb4_unicode_ci;
/*!40101 SET character_set_client = @saved_cs_client */;

--
-- Table structure for table `mstr_guardpost`
--

DROP TABLE IF EXISTS `mstr_guardpost`;
/*!40101 SET @saved_cs_client     = @@character_set_client */;
/*!50503 SET character_set_client = utf8mb4 */;
CREATE TABLE `mstr_guardpost` (
  `guardpost_id` varchar(25) CHARACTER SET utf8mb4 COLLATE utf8mb4_unicode_ci NOT NULL,
  `guardpost_name` varchar(250) CHARACTER SET utf8mb4 COLLATE utf8mb4_unicode_ci NOT NULL,
  `created_at` datetime DEFAULT CURRENT_TIMESTAMP,
  `created_by` varchar(45) CHARACTER SET utf8mb4 COLLATE utf8mb4_unicode_ci DEFAULT '1',
  `is_active` tinyint DEFAULT '1',
  PRIMARY KEY (`guardpost_id`)
) ENGINE=InnoDB DEFAULT CHARSET=utf8mb4 COLLATE=utf8mb4_unicode_ci;
/*!40101 SET character_set_client = @saved_cs_client */;

--
-- Table structure for table `mstr_incidence_classification`
--

DROP TABLE IF EXISTS `mstr_incidence_classification`;
/*!40101 SET @saved_cs_client     = @@character_set_client */;
/*!50503 SET character_set_client = utf8mb4 */;
CREATE TABLE `mstr_incidence_classification` (
  `incidence_classification_id` int NOT NULL AUTO_INCREMENT,
  `incidence_classification_name` varchar(250) NOT NULL,
  `created_at` datetime DEFAULT NULL,
  `created_by` varchar(45) DEFAULT '1',
  `is_active` tinyint DEFAULT '1',
  PRIMARY KEY (`incidence_classification_id`)
) ENGINE=InnoDB AUTO_INCREMENT=11 DEFAULT CHARSET=latin1;
/*!40101 SET character_set_client = @saved_cs_client */;

--
-- Table structure for table `mstr_incidence_state`
--

DROP TABLE IF EXISTS `mstr_incidence_state`;
/*!40101 SET @saved_cs_client     = @@character_set_client */;
/*!50503 SET character_set_client = utf8mb4 */;
CREATE TABLE `mstr_incidence_state` (
  `incidence_state_id` int NOT NULL AUTO_INCREMENT,
  `incidence_state_name` varchar(45) CHARACTER SET utf8mb4 COLLATE utf8mb4_unicode_ci NOT NULL,
  `create_at` datetime DEFAULT NULL,
  `created_by` varchar(45) CHARACTER SET utf8mb4 COLLATE utf8mb4_unicode_ci DEFAULT '1',
  `is_active` tinyint DEFAULT '1',
  PRIMARY KEY (`incidence_state_id`)
) ENGINE=InnoDB AUTO_INCREMENT=6 DEFAULT CHARSET=utf8mb4 COLLATE=utf8mb4_unicode_ci COMMENT='EStado del incidente';
/*!40101 SET character_set_client = @saved_cs_client */;

--
-- Table structure for table `mstr_incidence_subtype`
--

DROP TABLE IF EXISTS `mstr_incidence_subtype`;
/*!40101 SET @saved_cs_client     = @@character_set_client */;
/*!50503 SET character_set_client = utf8mb4 */;
CREATE TABLE `mstr_incidence_subtype` (
  `incidence_subtype_id` int NOT NULL AUTO_INCREMENT,
  `incidence_subtype_name` varchar(255) CHARACTER SET utf8mb4 COLLATE utf8mb4_unicode_ci NOT NULL,
  `create_at` datetime DEFAULT NULL,
  `created_by` varchar(45) CHARACTER SET utf8mb4 COLLATE utf8mb4_unicode_ci DEFAULT '1',
  `is_active` tinyint DEFAULT '1',
  PRIMARY KEY (`incidence_subtype_id`)
) ENGINE=InnoDB AUTO_INCREMENT=123 DEFAULT CHARSET=utf8mb4 COLLATE=utf8mb4_unicode_ci COMMENT='Subtipos de incidencia';
/*!40101 SET character_set_client = @saved_cs_client */;

--
-- Table structure for table `mstr_incidence_type`
--

DROP TABLE IF EXISTS `mstr_incidence_type`;
/*!40101 SET @saved_cs_client     = @@character_set_client */;
/*!50503 SET character_set_client = utf8mb4 */;
CREATE TABLE `mstr_incidence_type` (
  `incidence_type_id` int NOT NULL AUTO_INCREMENT,
  `incidence_type_name` varchar(255) CHARACTER SET utf8mb4 COLLATE utf8mb4_unicode_ci NOT NULL,
  `created_at` datetime DEFAULT NULL,
  `created_by` varchar(45) CHARACTER SET utf8mb4 COLLATE utf8mb4_unicode_ci DEFAULT '1',
  `is_active` tinyint(1) DEFAULT '1',
  PRIMARY KEY (`incidence_type_id`)
) ENGINE=InnoDB AUTO_INCREMENT=45 DEFAULT CHARSET=utf8mb4 COLLATE=utf8mb4_unicode_ci COMMENT='Tipos de incidencia';
/*!40101 SET character_set_client = @saved_cs_client */;

--
-- Table structure for table `mstr_mode`
--

DROP TABLE IF EXISTS `mstr_mode`;
/*!40101 SET @saved_cs_client     = @@character_set_client */;
/*!50503 SET character_set_client = utf8mb4 */;
CREATE TABLE `mstr_mode` (
  `mode_id` int NOT NULL AUTO_INCREMENT,
  `mode_name` varchar(45) CHARACTER SET utf8mb4 COLLATE utf8mb4_unicode_ci DEFAULT NULL,
  `created_at` datetime DEFAULT NULL,
  `created_by` char(1) CHARACTER SET utf8mb4 COLLATE utf8mb4_unicode_ci DEFAULT '1',
  `is_active` tinyint DEFAULT '1',
  PRIMARY KEY (`mode_id`)
) ENGINE=InnoDB AUTO_INCREMENT=8 DEFAULT CHARSET=utf8mb4 COLLATE=utf8mb4_unicode_ci COMMENT='Modalidades de robo\n';
/*!40101 SET character_set_client = @saved_cs_client */;

--
-- Table structure for table `mstr_origin`
--

DROP TABLE IF EXISTS `mstr_origin`;
/*!40101 SET @saved_cs_client     = @@character_set_client */;
/*!50503 SET character_set_client = utf8mb4 */;
CREATE TABLE `mstr_origin` (
  `origin_id` int NOT NULL AUTO_INCREMENT,
  `origin_name` varchar(250) CHARACTER SET utf8mb4 COLLATE utf8mb4_unicode_ci NOT NULL,
  `created_at` datetime DEFAULT CURRENT_TIMESTAMP,
  `created_by` varchar(45) CHARACTER SET utf8mb4 COLLATE utf8mb4_unicode_ci DEFAULT '1',
  `is_active` tinyint DEFAULT '1',
  `origin_type` int DEFAULT NULL,
  PRIMARY KEY (`origin_id`)
) ENGINE=InnoDB AUTO_INCREMENT=11 DEFAULT CHARSET=utf8mb4 COLLATE=utf8mb4_unicode_ci;
/*!40101 SET character_set_client = @saved_cs_client */;

--
-- Table structure for table `mstr_unit`
--

DROP TABLE IF EXISTS `mstr_unit`;
/*!40101 SET @saved_cs_client     = @@character_set_client */;
/*!50503 SET character_set_client = utf8mb4 */;
CREATE TABLE `mstr_unit` (
  `unit_id` int NOT NULL AUTO_INCREMENT,
  `unit_name` varchar(45) CHARACTER SET utf8mb4 COLLATE utf8mb4_unicode_ci NOT NULL,
  `created_at` datetime DEFAULT NULL,
  `created_by` varchar(45) CHARACTER SET utf8mb4 COLLATE utf8mb4_unicode_ci DEFAULT '1',
  `is_active` tinyint DEFAULT '1',
  PRIMARY KEY (`unit_id`)
) ENGINE=InnoDB AUTO_INCREMENT=8 DEFAULT CHARSET=utf8mb4 COLLATE=utf8mb4_unicode_ci;
/*!40101 SET character_set_client = @saved_cs_client */;

--
-- Table structure for table `trx_incidence`
--

DROP TABLE IF EXISTS `trx_incidence`;
/*!40101 SET @saved_cs_client     = @@character_set_client */;
/*!50503 SET character_set_client = utf8mb4 */;
CREATE TABLE `trx_incidence` (
  `incidence_id` int NOT NULL AUTO_INCREMENT,
  `origin_id` int DEFAULT NULL,
  `complainant` varchar(150) CHARACTER SET utf8mb4 COLLATE utf8mb4_unicode_ci DEFAULT NULL,
  `description_incidence` text CHARACTER SET utf8mb4 COLLATE utf8mb4_unicode_ci,
  `unit_id` int DEFAULT NULL,
  `mode_id` int DEFAULT NULL,
  `incidence_classification_id` int DEFAULT NULL,
  `incidence_subtype_id` int DEFAULT NULL,
  `incidence_type_id` int DEFAULT NULL,
  `cuadrante_id` varchar(10) CHARACTER SET utf8mb4 COLLATE utf8mb4_unicode_ci DEFAULT NULL,
  `operator` varchar(100) CHARACTER SET utf8mb4 COLLATE utf8mb4_unicode_ci DEFAULT NULL,
  `operator_id` varchar(100) CHARACTER SET utf8mb4 COLLATE utf8mb4_unicode_ci DEFAULT NULL,
  `incidence_date` timestamp NOT NULL DEFAULT CURRENT_TIMESTAMP ON UPDATE CURRENT_TIMESTAMP,
  `location` varchar(100) CHARACTER SET utf8mb4 COLLATE utf8mb4_unicode_ci DEFAULT NULL,
  `location_reference` varchar(100) CHARACTER SET utf8mb4 COLLATE utf8mb4_unicode_ci DEFAULT NULL,
  `contact_number` varchar(100) CHARACTER SET utf8mb4 COLLATE utf8mb4_unicode_ci DEFAULT NULL,
  `document_number` varchar(20) CHARACTER SET utf8mb4 COLLATE utf8mb4_unicode_ci DEFAULT NULL,
  `created_at` timestamp NOT NULL DEFAULT CURRENT_TIMESTAMP,
  `created_by` varchar(50) CHARACTER SET utf8mb4 COLLATE utf8mb4_unicode_ci DEFAULT NULL,
  `updated_at` timestamp NOT NULL DEFAULT CURRENT_TIMESTAMP,
  `updated_by` varchar(50) CHARACTER SET utf8mb4 COLLATE utf8mb4_unicode_ci DEFAULT NULL,
  `incidence_state_id` int DEFAULT NULL,
  `classification_name` varchar(45) CHARACTER SET utf8mb4 COLLATE utf8mb4_unicode_ci DEFAULT NULL,
  `type_name` varchar(100) CHARACTER SET utf8mb4 COLLATE utf8mb4_unicode_ci DEFAULT NULL,
  `unit_name` varchar(45) CHARACTER SET utf8mb4 COLLATE utf8mb4_unicode_ci DEFAULT NULL,
  `subtype_name` varchar(100) CHARACTER SET utf8mb4 COLLATE utf8mb4_unicode_ci DEFAULT NULL,
  `origin_name` varchar(45) CHARACTER SET utf8mb4 COLLATE utf8mb4_unicode_ci DEFAULT NULL,
  `state_name` varchar(45) CHARACTER SET utf8mb4 COLLATE utf8mb4_unicode_ci DEFAULT NULL,
  `mode_name` varchar(45) CHARACTER SET utf8mb4 COLLATE utf8mb4_unicode_ci DEFAULT NULL,
  `reason` varchar(255) CHARACTER SET utf8mb4 COLLATE utf8mb4_unicode_ci DEFAULT NULL,
  `latitude` decimal(18,15) DEFAULT NULL,
  `longitude` decimal(18,15) DEFAULT NULL,
  `camera_civix_id` int DEFAULT NULL,
  `epoch_civix` bigint DEFAULT NULL,
  `camera_civix_name` varchar(100) CHARACTER SET utf8mb4 COLLATE utf8mb4_unicode_ci DEFAULT NULL,
  `alert_civix_id` bigint DEFAULT NULL,
  PRIMARY KEY (`incidence_id`)
) ENGINE=InnoDB AUTO_INCREMENT=9 DEFAULT CHARSET=utf8mb4 COLLATE=utf8mb4_unicode_ci;
/*!40101 SET character_set_client = @saved_cs_client */;

--
-- Table structure for table `trx_incidence_agent`
--

DROP TABLE IF EXISTS `trx_incidence_agent`;
/*!40101 SET @saved_cs_client     = @@character_set_client */;
/*!50503 SET character_set_client = utf8mb4 */;
CREATE TABLE `trx_incidence_agent` (
  `agent_id` int NOT NULL,
  `incidence_id` int NOT NULL,
  `created_at` datetime DEFAULT CURRENT_TIMESTAMP,
  `created_by` varchar(45) CHARACTER SET utf8mb4 COLLATE utf8mb4_unicode_ci DEFAULT '1',
  `is_active` tinyint DEFAULT '1',
  PRIMARY KEY (`agent_id`,`incidence_id`)
) ENGINE=InnoDB DEFAULT CHARSET=utf8mb4 COLLATE=utf8mb4_unicode_ci;
/*!40101 SET character_set_client = @saved_cs_client */;

--
-- Table structure for table `trx_incidence_derivative`
--

DROP TABLE IF EXISTS `trx_incidence_derivative`;
/*!40101 SET @saved_cs_client     = @@character_set_client */;
/*!50503 SET character_set_client = utf8mb4 */;
CREATE TABLE `trx_incidence_derivative` (
  `incidence_id` int NOT NULL,
  `incidence_derivative_id` bigint NOT NULL,
  `unit_id_old` int DEFAULT NULL,
  `unit_name_old` varchar(45) CHARACTER SET utf8mb4 COLLATE utf8mb4_unicode_ci DEFAULT NULL,
  `unit_id` int DEFAULT NULL,
  `unit_name` varchar(45) CHARACTER SET utf8mb4 COLLATE utf8mb4_unicode_ci DEFAULT NULL,
  `created_at` datetime DEFAULT NULL,
  `created_by` varchar(45) CHARACTER SET utf8mb4 COLLATE utf8mb4_unicode_ci DEFAULT '1',
  `incidence_classification_id_old` int DEFAULT NULL,
  `incidence_classification_name_old` varchar(45) CHARACTER SET utf8mb4 COLLATE utf8mb4_unicode_ci DEFAULT NULL,
  `incidence_classification_id` int DEFAULT NULL,
  `incidence_classification_name` varchar(45) CHARACTER SET utf8mb4 COLLATE utf8mb4_unicode_ci DEFAULT NULL,
  `is_active` tinyint DEFAULT '1',
  `is_last` int DEFAULT '1',
  `incidence_state_id_old` varchar(45) CHARACTER SET utf8mb4 COLLATE utf8mb4_unicode_ci DEFAULT NULL,
  `incidence_state_name_old` varchar(45) CHARACTER SET utf8mb4 COLLATE utf8mb4_unicode_ci DEFAULT NULL,
  `incidence_state_id` varchar(45) CHARACTER SET utf8mb4 COLLATE utf8mb4_unicode_ci DEFAULT NULL,
  `incidence_state_name` varchar(45) CHARACTER SET utf8mb4 COLLATE utf8mb4_unicode_ci DEFAULT NULL,
  `operator` varchar(45) CHARACTER SET utf8mb4 COLLATE utf8mb4_unicode_ci DEFAULT NULL,
  PRIMARY KEY (`incidence_id`,`incidence_derivative_id`)
) ENGINE=InnoDB DEFAULT CHARSET=utf8mb4 COLLATE=utf8mb4_unicode_ci;
/*!40101 SET character_set_client = @saved_cs_client */;

--
-- Table structure for table `trx_incidence_document`
--

DROP TABLE IF EXISTS `trx_incidence_document`;
/*!40101 SET @saved_cs_client     = @@character_set_client */;
/*!50503 SET character_set_client = utf8mb4 */;
CREATE TABLE `trx_incidence_document` (
  `incidence_document_id` bigint NOT NULL,
  `incidence_id` int NOT NULL,
  `ruta` varchar(250) CHARACTER SET utf8mb4 COLLATE utf8mb4_unicode_ci NOT NULL,
  `origin_id` varchar(50) CHARACTER SET utf8mb4 COLLATE utf8mb4_unicode_ci DEFAULT NULL,
  `is_active` char(1) CHARACTER SET utf8mb4 COLLATE utf8mb4_unicode_ci DEFAULT NULL,
  `complainant` varchar(150) CHARACTER SET utf8mb4 COLLATE utf8mb4_unicode_ci DEFAULT NULL,
  `description_document` text CHARACTER SET utf8mb4 COLLATE utf8mb4_unicode_ci NOT NULL,
  `unit_id` varchar(100) CHARACTER SET utf8mb4 COLLATE utf8mb4_unicode_ci DEFAULT NULL,
  `extension_document` varchar(5) CHARACTER SET utf8mb4 COLLATE utf8mb4_unicode_ci NOT NULL,
  `created_at` timestamp NOT NULL DEFAULT CURRENT_TIMESTAMP,
  `created_by` varchar(50) CHARACTER SET utf8mb4 COLLATE utf8mb4_unicode_ci DEFAULT NULL,
  PRIMARY KEY (`incidence_document_id`)
) ENGINE=InnoDB DEFAULT CHARSET=utf8mb4 COLLATE=utf8mb4_unicode_ci;
/*!40101 SET character_set_client = @saved_cs_client */;
/*!40103 SET TIME_ZONE=@OLD_TIME_ZONE */;

/*!40101 SET SQL_MODE=@OLD_SQL_MODE */;
/*!40014 SET FOREIGN_KEY_CHECKS=@OLD_FOREIGN_KEY_CHECKS */;
/*!40014 SET UNIQUE_CHECKS=@OLD_UNIQUE_CHECKS */;
/*!40101 SET CHARACTER_SET_CLIENT=@OLD_CHARACTER_SET_CLIENT */;
/*!40101 SET CHARACTER_SET_RESULTS=@OLD_CHARACTER_SET_RESULTS */;
/*!40101 SET COLLATION_CONNECTION=@OLD_COLLATION_CONNECTION */;
/*!40111 SET SQL_NOTES=@OLD_SQL_NOTES */;

-- Dump completed on 2025-11-18  8:39:20
-- MySQL dump 10.13  Distrib 9.4.0, for Linux (x86_64)
--
-- Host: localhost    Database: a2c
-- ------------------------------------------------------
-- Server version	9.4.0

/*!40101 SET @OLD_CHARACTER_SET_CLIENT=@@CHARACTER_SET_CLIENT */;
/*!40101 SET @OLD_CHARACTER_SET_RESULTS=@@CHARACTER_SET_RESULTS */;
/*!40101 SET @OLD_COLLATION_CONNECTION=@@COLLATION_CONNECTION */;
/*!50503 SET NAMES utf8mb4 */;
/*!40103 SET @OLD_TIME_ZONE=@@TIME_ZONE */;
/*!40103 SET TIME_ZONE='+00:00' */;
/*!40014 SET @OLD_UNIQUE_CHECKS=@@UNIQUE_CHECKS, UNIQUE_CHECKS=0 */;
/*!40014 SET @OLD_FOREIGN_KEY_CHECKS=@@FOREIGN_KEY_CHECKS, FOREIGN_KEY_CHECKS=0 */;
/*!40101 SET @OLD_SQL_MODE=@@SQL_MODE, SQL_MODE='NO_AUTO_VALUE_ON_ZERO' */;
/*!40111 SET @OLD_SQL_NOTES=@@SQL_NOTES, SQL_NOTES=0 */;

--
-- Dumping data for table `mstr_agent`
--

LOCK TABLES `mstr_agent` WRITE;
/*!40000 ALTER TABLE `mstr_agent` DISABLE KEYS */;
INSERT INTO `mstr_agent` VALUES (1,'3115931','KARIN','DEL VALLE SEGOVIA',1,NULL,NULL,-12.117693498518964,-77.041331907339710,5,1,0,931075595),(2,'10326128','CESAR JAVIER','ABANTO VELEZ',1,NULL,NULL,-12.118579040373284,-77.023899479078960,6,1,1,931075595),(3,'10032687','OSCAR FERNANDO','ACHAS SALAZAR',1,NULL,NULL,-12.128760273506641,-77.027102929527970,7,1,0,931075595),(4,'7472437','ANTHONY EFRAIN','ACOSTA ALVA',1,NULL,NULL,-12.114233826351569,-77.044860342405610,2,1,0,931075595),(5,'8302436','DANIEL ANGEL','ACUÑA PRADO',1,NULL,NULL,-12.121600232204981,-77.028420133039750,4,1,1,931075595),(6,'10622908','ERNESTO ANGELBERTO','ACUÑA CARRETERO',1,NULL,NULL,-12.117299967815446,-77.031239439189660,1,1,0,931075595),(7,'10742696','DARWIN WILLIAMS','ACURIO CARDENAS',1,NULL,NULL,-12.119297291733600,-77.032768140330700,4,1,0,931075595),(8,'3369524','PABLO','ADRIANZEN GARCIA',1,NULL,NULL,-12.120948825684328,-77.036439706661210,2,1,0,931075595),(9,'45259816','VICTOR','AGUILA SANTOS',1,NULL,NULL,-12.134352055484756,-77.042441156671800,7,1,0,931075595),(10,'41339591','LESLIE ROCIO','AGUILAR ALCALDE',1,NULL,NULL,-12.124149616136355,-77.023424609898060,1,1,0,931075595),(11,'6025740','MARIA DEL ROSARIO LOURDES','AGUILAR CARPIO',1,NULL,NULL,-12.134674200312862,-77.033097171101820,2,1,0,931075595),(12,'9006636','AMERICO','AGUIRRE HUILLCAS',1,NULL,NULL,-12.126463253802120,-77.038024754936830,2,1,0,931075595),(13,'9147543','CARLOS ANTONIO','AGUIRRE COTERA',1,NULL,NULL,-12.125734012509449,-77.044595796968410,4,1,0,931075595),(14,'46064800','KENNY JOEL','AHUANARI BARDALES',1,NULL,NULL,-12.110776946545371,-77.025097341053280,6,1,0,931075595),(15,'41682942','JHONY LEONIDAS','AIRA BRAVO',1,NULL,NULL,-12.133155864861939,-77.020487300381520,4,1,0,931075595),(16,'77499931','JOEL ANTHONI','AIRA TITO',1,NULL,NULL,-12.117968906553433,-77.033382630854280,2,1,0,931075595),(17,'44941130','ESTEFANIA','ALAMA RODRIGUEZ',1,NULL,NULL,-12.128006433842710,-77.044884275882400,3,1,0,931075595),(18,'74125683','EDUARDO JEAN PIERRE','ALARCON OLIVERA',1,NULL,NULL,-12.130402077115516,-77.022357557162050,2,1,0,931075595),(19,'9911013','CESAR AUGUSTO','ALARICO IPARRAGUIRRE',1,NULL,NULL,-12.110581553695333,-77.040835096222200,1,1,0,931075595),(20,'7094475','LUIS','ALBARRAN YNGUNZA',1,NULL,NULL,-12.112430819256632,-77.044648806848240,7,1,0,931075595),(21,'75236917','CESAR GIANFRANCO FABRICIO','ALBERCO HURTADO',1,NULL,NULL,-12.125951575702942,-77.025811457201670,1,1,0,931075595),(22,'45697377','NESTOR ANDRES','ALBIZURI APARICIO',1,NULL,NULL,-12.116202558131146,-77.033578418282400,7,1,0,931075595),(23,'9642602','ALICIA','ALBUJAR CAYETANO',1,NULL,NULL,-12.134284416250217,-77.025686825635550,4,1,1,931075595),(24,'10095884','ANDRES','ALCALA GARCIA',1,NULL,NULL,-12.115580878658761,-77.030843915618820,4,1,0,931075595),(25,'8006250','JORGE','ALCANTARA VELARDE',1,NULL,NULL,-12.122476941349430,-77.024852959122370,2,1,0,931075595),(26,'46196198','LUIS HEVER','ALEGRIA FERNANDEZ',1,NULL,NULL,-12.121833970795231,-77.039610975840700,4,1,1,931075595),(27,'41698941','ALFREDO','ALFARO HUANACO',1,NULL,NULL,-12.122552966049456,-77.023931901956840,6,1,1,931075595),(28,'25487774','CARLOS FEDERICO','ALI GUILLEN ANDRADE',1,NULL,NULL,-12.117000610867516,-77.043207347698710,4,1,0,931075595),(29,'42833493','LUIS WILBUR','ALIAGA VENEGAS',1,NULL,NULL,-12.130034905122626,-77.025552481748680,1,1,0,931075595),(30,'48221620','GRIMALDO','ALLCCA TINCOPA',1,NULL,NULL,-12.127657692607173,-77.041631017021490,7,1,0,931075595),(31,'70468002','LENIN ENRIQUE','ALTAMIRANO ASPAJO',1,NULL,NULL,-12.115182006517594,-77.031016980755150,3,1,1,931075595),(32,'10861174','GIULLIANA','ALVARADO PEREA',1,NULL,NULL,-12.124538883454669,-77.034643474239530,2,1,0,931075595),(33,'9601342','JOSE ANTONIO','ALVARADO TUEROS',1,NULL,NULL,-12.114600720065274,-77.024073176839470,7,1,0,931075595),(34,'6841032','JONY RAUL','ALVARO ARCE',1,NULL,NULL,-12.116563723233122,-77.040599084878900,1,1,0,931075595),(35,'71292527','POOL MARIO','ALVES VICENTE',1,NULL,NULL,-12.118304253926784,-77.024724014228880,3,1,1,931075595),(36,'9580311','ROSARIO','ALZAMORA GARATE',1,NULL,NULL,-12.133707308595728,-77.024364499523640,4,1,1,931075595),(37,'75684552','MARIAN YANET','AMESQUITA FLORES',1,NULL,NULL,-12.110700571062695,-77.035409355974210,6,1,1,931075595),(38,'42319891','EDWIN EMILIO','ANAMPA BUIZA',1,NULL,NULL,-12.134945065914602,-77.023497260882050,1,1,0,931075595),(39,'73998740','JUAN JOSÉ','ANAYA LEYVA',1,NULL,NULL,-12.127651105898106,-77.022763746076050,2,1,0,931075595),(40,'9675868','JAVIER FRANCISCO','ANDAZABAL CAYLLAHUA',1,NULL,NULL,-12.120865411917553,-77.041035820591300,4,1,0,931075595),(41,'47150352','WILBERTH JOSUE','ANDONAIRE LOPEZ',1,NULL,NULL,-12.132582866435483,-77.044806869635180,1,1,1,931075595),(42,'7472374','DORIAN ANTONIO','APARICIO CASANI',1,NULL,NULL,-12.116285748101106,-77.027008130831650,6,1,0,931075595),(43,'6774306','NELLY CECILIA','APARICIO LAVARELLO',1,NULL,NULL,-12.126183409086599,-77.029892652169700,5,1,0,931075595),(44,'40723696','CARLOS ENRIQUE','APAZA ALEJOS',1,NULL,NULL,-12.110913032820367,-77.044887206824400,5,1,0,931075595),(45,'10341568','ROGER','APAZA CACERES',1,NULL,NULL,-12.131696934892513,-77.028823053221060,4,1,0,931075595),(46,'370925','EDGARDO','APONTE BECERRA',1,NULL,NULL,-12.114024460659385,-77.038653142865430,3,1,0,931075595),(47,'8748790','JOSE CARLOS','ARANA PAZ SOLDAN',1,NULL,NULL,-12.116192331580624,-77.020002228538520,3,1,1,931075595),(48,'48063407','KEVIN JORDAN','ARANGURI CALLUPE',1,NULL,NULL,-12.116434147182325,-77.027164049527770,6,1,1,931075595),(49,'74831937','ROGER ANTHONY','ARCA CARPIO',1,NULL,NULL,-12.126517805323486,-77.031096877265810,1,1,0,931075595),(50,'5337382','ROBERT','AREVALO MUÑOZ',1,NULL,NULL,-12.115930969590258,-77.041364215385510,7,1,0,931075595),(51,'25550379','NICOLAS ENRIQUE','ARIAS HEINSON',1,NULL,NULL,-12.124028167388428,-77.026048190017280,4,1,1,931075595),(52,'10035257','MARIO JAIME','ARMAS VIDALON',1,NULL,NULL,-12.123156447152752,-77.042637664943600,6,1,0,931075595),(53,'41694790','RUFINO ALFONSO','ASCACIBAR NOBLECILLA',1,NULL,NULL,-12.133718982491380,-77.020681916857770,4,1,1,931075595),(54,'7481833','MARCO ANTONIO','ASCUE BECERRA',1,NULL,NULL,-12.117252636046384,-77.029217428890260,7,1,1,931075595),(55,'62174240','KAREN MELISSA','ASPAJO GUIMACK',1,NULL,NULL,-12.134329235543804,-77.038993890279900,2,1,0,931075595),(56,'73824480','HUGO JOSE','ATOCHE PRADA',1,NULL,NULL,-12.131981743999740,-77.022927048390670,1,1,0,931075595),(57,'43529035','BRISEIDA MARILU','AVENDAÑO CAHUAPAZA',1,NULL,NULL,-12.133690009185756,-77.029668899988450,1,1,0,931075595),(58,'9338639','HECTOR ALDRIN','AYHUASI CASTILLO',1,NULL,NULL,-12.112274471616628,-77.027365657349460,6,1,0,931075595),(59,'7463824','LUIS ANGEL','BACA VALDIVIA',1,NULL,NULL,-12.115004871129063,-77.022927382828600,7,1,0,931075595),(60,'25421214','ORLANDO OSCAR','BALAREZO CRUZ',1,NULL,NULL,-12.134622299987472,-77.034329350683210,2,1,0,931075595),(61,'3887820','ESTELA','BALBIN PEÑA',1,NULL,NULL,-12.132779852685314,-77.040911210608580,2,1,0,931075595),(62,'42293377','JOEL NASSER','BALBOA VILLAFUERTE',1,NULL,NULL,-12.121216494218647,-77.038348838499150,3,1,0,931075595),(63,'75805652','ROYER RONALDO','BALDERA PEREZ',1,NULL,NULL,-12.118094709071420,-77.030427029091330,2,1,0,931075595),(64,'10645961','OSCAR DANIEL','BALLON SANCHEZ',1,NULL,NULL,-12.112851017474059,-77.027973999327950,1,1,1,931075595),(65,'10032302','HUGO FABIO','BAÑOS PRADO',1,NULL,NULL,-12.116316943449263,-77.027662718494110,4,1,0,931075595),(66,'8983780','EDINSON PEDRO','BARRERA PANDURO',1,NULL,NULL,-12.129362761354411,-77.043825650521400,4,1,0,931075595),(67,'41719289','FREDDY ALVARO','BARRERA RISCO',1,NULL,NULL,-12.121039967775381,-77.028722886544400,6,1,1,931075595),(68,'43318077','DENNIS','BARRETO GOMEZ',1,NULL,NULL,-12.120494528627484,-77.021303982735900,3,1,1,931075595),(69,'45157027','HECTOR DOMINGO','BARRETO BENAVENTE',1,NULL,NULL,-12.110036327028680,-77.041269686167380,3,1,0,931075595),(70,'10548702','ROEL ERNESTO','BARRETO MIRANDA',1,NULL,NULL,-12.116239448982514,-77.037388185642090,5,1,1,931075595),(71,'73090466','EDEN','BARRIOS FELIX',1,NULL,NULL,-12.128222580494565,-77.033948344778220,1,1,0,931075595),(72,'42196871','LUIS CHRISTOPHER','BARRIOS PACHECO',1,NULL,NULL,-12.125073981639067,-77.028524873092320,4,1,1,931075595),(73,'41956795','EVER JESUS','BARZOLA FARFAN',1,NULL,NULL,-12.132402419776100,-77.031437478835170,5,1,0,931075595),(74,'9579230','HERMINIA','BAUTISTA MAMANI',1,NULL,NULL,-12.124980134079214,-77.035588233122230,2,1,0,931075595),(75,'10480765','ROSALINA','BAUTISTA CALDERON',1,NULL,NULL,-12.118000762605108,-77.038239112890550,3,1,0,931075595),(76,'41229755','SONIA','BAUTISTA ZEVALLOS',1,NULL,NULL,-12.127193275869072,-77.026249039905380,2,1,0,931075595),(77,'42711703','NOEL','BECERRA CAPCHA',1,NULL,NULL,-12.114665371151329,-77.024579735272170,7,1,0,931075595);
/*!40000 ALTER TABLE `mstr_agent` ENABLE KEYS */;
UNLOCK TABLES;

--
-- Dumping data for table `mstr_citizen`
--

LOCK TABLES `mstr_citizen` WRITE;
/*!40000 ALTER TABLE `mstr_citizen` DISABLE KEYS */;
/*!40000 ALTER TABLE `mstr_citizen` ENABLE KEYS */;
UNLOCK TABLES;

--
-- Dumping data for table `mstr_document_type`
--

LOCK TABLES `mstr_document_type` WRITE;
/*!40000 ALTER TABLE `mstr_document_type` DISABLE KEYS */;
INSERT INTO `mstr_document_type` VALUES (1,'DNI',NULL,NULL,NULL),(2,'Carné de Extranjería',NULL,NULL,NULL),(3,'Pasaporte',NULL,NULL,NULL);
/*!40000 ALTER TABLE `mstr_document_type` ENABLE KEYS */;
UNLOCK TABLES;

--
-- Dumping data for table `mstr_guardpost`
--

LOCK TABLES `mstr_guardpost` WRITE;
/*!40000 ALTER TABLE `mstr_guardpost` DISABLE KEYS */;
INSERT INTO `mstr_guardpost` VALUES ('120606','TMD-0781','2025-09-09 15:49:01','1',1),('120607','TMD-0782','2025-09-09 15:49:01','1',1),('120608','TMD-0783','2025-09-09 15:49:01','1',1),('120610','TMD-0785','2025-09-09 15:49:01','1',1),('120612','TMD-0787','2025-09-09 15:49:01','1',1),('120613','TMD-0788','2025-09-09 15:49:01','1',1),('120614','TMD-0789','2025-09-09 15:49:01','1',1),('120619','TMD-0794','2025-09-09 15:49:01','1',1),('120620','TMD-0795','2025-09-09 15:49:01','1',1),('120622','TMD-0797','2025-09-09 15:49:01','1',1),('120639','TMD-0814','2025-09-09 15:49:01','1',1),('120641','TMD-0816','2025-09-09 15:49:01','1',1),('120642','TMD-0817','2025-09-09 15:49:01','1',1),('120644','TMD-0819','2025-09-09 15:49:01','1',1),('120645','TMD-0820','2025-09-09 15:49:01','1',1),('120802','TMD-0977','2025-09-09 15:49:01','1',1),('120803','TMD-0979','2025-09-09 15:49:01','1',1),('1817','EUA651','2025-09-09 15:49:01','1',1),('1835','VG8799','2025-09-09 15:49:01','1',1),('1853','EUA258','2025-09-09 15:49:01','1',1),('1855','EUA265','2025-09-09 15:49:01','1',1),('1857','EUA268','2025-09-09 15:49:01','1',1),('1858','EGA914','2025-09-09 15:49:01','1',1),('1859','EUA263','2025-09-09 15:49:01','1',1),('1860','EGA913','2025-09-09 15:49:01','1',1),('1861','EUA260','2025-09-09 15:49:01','1',1),('1862','EGA909','2025-09-09 15:49:01','1',1),('1865','EUA257','2025-09-09 15:49:01','1',1),('1866','EUA366','2025-09-09 15:49:01','1',1),('1867','EUA264','2025-09-09 15:49:01','1',1),('1871','EUB418','2025-09-09 15:49:01','1',1),('1873','EUB622','2025-09-09 15:49:01','1',1),('1875','EUB648','2025-09-09 15:49:01','1',1),('1876','EUB645','2025-09-09 15:49:01','1',1),('1882','EUB763','2025-09-09 15:49:01','1',1),('1891','EUC462','2025-09-09 15:49:01','1',1),('1901','EUD493','2025-09-09 15:49:01','1',1),('1902','EUD492','2025-09-09 15:49:01','1',1),('1903','EUD489','2025-09-09 15:49:01','1',1),('1904','EUD509','2025-09-09 15:49:01','1',1),('1906','EUD491','2025-09-09 15:49:01','1',1),('1907','EUD490','2025-09-09 15:49:01','1',1),('1908','EUD510','2025-09-09 15:49:01','1',1),('1909','EUD498','2025-09-09 15:49:01','1',1),('1910','EUD513','2025-09-09 15:49:01','1',1),('1911','EUD554','2025-09-09 15:49:01','1',1),('1913','EUD496','2025-09-09 15:49:01','1',1),('1914','EUD511','2025-09-09 15:49:01','1',1),('1915','EUD512','2025-09-09 15:49:01','1',1),('1916','EUD500','2025-09-09 15:49:01','1',1),('1917','EUF173','2025-09-09 15:49:01','1',1),('1918','EUF177','2025-09-09 15:49:01','1',1),('1919','EUF178','2025-09-09 15:49:01','1',1),('1920','EUF181','2025-09-09 15:49:01','1',1),('1921','EUF186','2025-09-09 15:49:01','1',1),('1922','EUF190','2025-09-09 15:49:01','1',1),('1923','EUF215','2025-09-09 15:49:01','1',1),('1924','EUF216','2025-09-09 15:49:01','1',1),('1925','EUF217','2025-09-09 15:49:01','1',1),('1926','EUF218','2025-09-09 15:49:01','1',1),('1927','EUF221','2025-09-09 15:49:01','1',1),('1928','EUF222','2025-09-09 15:49:01','1',1),('1929','EUF225','2025-09-09 15:49:01','1',1),('1930','EUF226','2025-09-09 15:49:01','1',1),('1931','EUF227','2025-09-09 15:49:01','1',1),('1932','EUF212','2025-09-09 15:49:01','1',1),('1933','EUF213','2025-09-09 15:49:01','1',1),('1934','EUF214','2025-09-09 15:49:01','1',1),('1935','EUF238','2025-09-09 15:49:01','1',1),('1936','EUF239','2025-09-09 15:49:01','1',1),('1937','EUF240','2025-09-09 15:49:01','1',1),('1938','EUF246','2025-09-09 15:49:01','1',1),('1939','EUF254','2025-09-09 15:49:01','1',1),('1940','EUF255','2025-09-09 15:49:01','1',1),('T163','EU1835','2025-09-09 15:49:01','1',1),('T172','EU1867','2025-09-09 15:49:01','1',1),('T189','EU1858','2025-09-09 15:49:01','1',1),('T225','EU2874','2025-09-09 15:49:01','1',1),('T226','EU2868','2025-09-09 15:49:01','1',1),('T227','EU2863','2025-09-09 15:49:01','1',1),('T228','EU2872','2025-09-09 15:49:01','1',1),('T229','EU2856','2025-09-09 15:49:01','1',1),('T230','EU2864','2025-09-09 15:49:01','1',1),('T232','EU2875','2025-09-09 15:49:01','1',1),('T233','EU2860','2025-09-09 15:49:01','1',1),('T234','EU2870','2025-09-09 15:49:01','1',1),('T238','EU2887','2025-09-09 15:49:01','1',1),('T245','EU3275','2025-09-09 15:49:01','1',1),('T246','EU3276','2025-09-09 15:49:01','1',1),('T248','EU3278','2025-09-09 15:49:01','1',1),('T249','EU3279','2025-09-09 15:49:01','1',1),('T250','EU3280','2025-09-09 15:49:01','1',1),('T251','EU3281','2025-09-09 15:49:01','1',1),('T252','EU3282','2025-09-09 15:49:01','1',1),('T253','EU3283','2025-09-09 15:49:01','1',1),('T254','EU3284','2025-09-09 15:49:01','1',1),('T282','EU4191','2025-09-09 15:49:01','1',1),('T283','EU4198','2025-09-09 15:49:01','1',1),('T284','EU4199','2025-09-09 15:49:01','1',1),('T285','EU4200','2025-09-09 15:49:01','1',1),('T286','EU4201','2025-09-09 15:49:01','1',1),('T287','EU4202','2025-09-09 15:49:01','1',1),('T288','EU4203','2025-09-09 15:49:01','1',1),('T289','EU4204','2025-09-09 15:49:01','1',1),('T290','EU4205','2025-09-09 15:49:01','1',1),('T291','EU4206','2025-09-09 15:49:01','1',1),('T292','EU4207','2025-09-09 15:49:01','1',1),('T293','EU4208','2025-09-09 15:49:01','1',1),('T294','EU4209','2025-09-09 15:49:01','1',1),('T295','EU4210','2025-09-09 15:49:01','1',1),('T296','EU4211','2025-09-09 15:49:01','1',1),('T297','EU4212','2025-09-09 15:49:01','1',1),('T298','EU4213','2025-09-09 15:49:01','1',1),('T299','EU4214','2025-09-09 15:49:01','1',1),('T300','EU4215','2025-09-09 15:49:01','1',1),('T301','EU4225','2025-09-09 15:49:01','1',1);
/*!40000 ALTER TABLE `mstr_guardpost` ENABLE KEYS */;
UNLOCK TABLES;

--
-- Dumping data for table `mstr_incidence_classification`
--

LOCK TABLES `mstr_incidence_classification` WRITE;
/*!40000 ALTER TABLE `mstr_incidence_classification` DISABLE KEYS */;
INSERT INTO `mstr_incidence_classification` VALUES (1,'A. TURISTICO-APOYO CIUDADANO','2025-09-08 00:00:00','1',1),(2,'D. CIVIL-APOYO CIUDADANO','2025-09-08 00:00:00','1',1),(3,'D. HUMANO-APOYO PNP','2025-09-08 00:00:00','1',1),(4,'FISCA-APOYO CIUDADANO','2025-09-08 00:00:00','1',1),(5,'FISCA-QUEJAS','2025-09-08 00:00:00','1',1),(6,'O. PUBLICAS - APOYO CIUDADANO','2025-09-08 00:00:00','1',1),(7,'SG-ACCIDENTE','2025-09-08 00:00:00','1',1),(8,'SG-APOYO CIUDADANO','2025-09-08 00:00:00','1',1),(9,'SG-DELITOS','2025-09-08 00:00:00','1',1),(10,'SV-APOYO CIUDADANO','2025-09-08 00:00:00','1',1);
/*!40000 ALTER TABLE `mstr_incidence_classification` ENABLE KEYS */;
UNLOCK TABLES;

--
-- Dumping data for table `mstr_incidence_state`
--

LOCK TABLES `mstr_incidence_state` WRITE;
/*!40000 ALTER TABLE `mstr_incidence_state` DISABLE KEYS */;
INSERT INTO `mstr_incidence_state` VALUES (1,'Pendiente','2025-09-09 00:00:00','1',1),(2,'En proceso','2025-09-09 00:00:00','1',1),(3,'Concluido','2025-09-09 00:00:00','1',1),(4,'Repetido','2025-09-09 00:00:00','1',1),(5,'Descartado','2025-09-09 00:00:00','1',1);
/*!40000 ALTER TABLE `mstr_incidence_state` ENABLE KEYS */;
UNLOCK TABLES;

--
-- Dumping data for table `mstr_incidence_subtype`
--

LOCK TABLES `mstr_incidence_subtype` WRITE;
/*!40000 ALTER TABLE `mstr_incidence_subtype` DISABLE KEYS */;
INSERT INTO `mstr_incidence_subtype` VALUES (1,'ABANDONO Y ACTOS DE CRUELDAD CONTRA ANIMALES','2025-09-09 00:00:00','1',1),(2,'ACOSO CALLEJERO','2025-09-09 00:00:00','1',1),(3,'AGRESIONES A SERVIDORES PUBLICOS','2025-09-09 00:00:00','1',1),(4,'AGRESIONES FISICAS','2025-09-09 00:00:00','1',1),(5,'ALCOHOLEMIA','2025-09-09 00:00:00','1',1),(6,'ANIMALES HERIDOS, MUERTOS Y/O VARADOS','2025-09-09 00:00:00','1',1),(7,'APOYO DE FUERZA','2025-09-09 00:00:00','1',1),(8,'ATENCIONES MEDICA','2025-09-09 00:00:00','1',1),(9,'ATROPELLO','2025-09-09 00:00:00','1',1),(10,'AUTOS Y/O MOTOS','2025-09-09 00:00:00','1',1),(11,'BASTA DE ENGAÑO','2025-09-09 00:00:00','1',1),(12,'CACHINEROS','2025-09-09 00:00:00','1',1),(13,'CAIDA DE PASAJERO','2025-09-09 00:00:00','1',1),(14,'CAJEROS AUTOMATICOS','2025-09-09 00:00:00','1',1),(15,'CAMBISTAS','2025-09-09 00:00:00','1',1),(16,'CANES SIN MEDIDA DE SEGURIDAD','2025-09-09 00:00:00','1',1),(17,'CASAS DE CAMBIO','2025-09-09 00:00:00','1',1),(18,'CHOQUE','2025-09-09 00:00:00','1',1),(19,'COMERCIO AMBULATORIO','2025-09-09 00:00:00','1',1),(20,'COMERCIO INFORMAL','2025-09-09 00:00:00','1',1),(21,'CONDUCCION EN ESTADO DE EBRIEDAD Y/O DROGADICCION','2025-09-09 00:00:00','1',1),(22,'CONMINAR MENDIGOS','2025-09-09 00:00:00','1',1),(23,'CONMINAR ORATE','2025-09-09 00:00:00','1',1),(24,'CONMINAR PELOTEROS','2025-09-09 00:00:00','1',1),(25,'CONMINAR VENDEDORES AMBULANTES','2025-09-09 00:00:00','1',1),(26,'CONSERJES','2025-09-09 00:00:00','1',1),(27,'CONSUMO DE DROGAS','2025-09-09 00:00:00','1',1),(28,'CONSUMO DE LICOR EN LA VIA PUBLICA Y/O INTERIOR DEL VEHICULO','2025-09-09 00:00:00','1',1),(29,'DAÑO AL ORNATO','2025-09-09 00:00:00','1',1),(30,'DAÑOS A LA PROPIEDAD PRIVADA','2025-09-09 00:00:00','1',1),(31,'DELITOS INFORMATICOS','2025-09-09 00:00:00','1',1),(32,'DEPORTES DE AVENTURAS SIN AUTORIZACION Y/O MEDIDAS DE SEGURIDAD','2025-09-09 00:00:00','1',1),(33,'DESCARGA DE MERCADERIA Y/O MATERIALES','2025-09-09 00:00:00','1',1),(34,'DESORDEN EN LA VIA PUBLICA','2025-09-09 00:00:00','1',1),(35,'DESPISTE','2025-09-09 00:00:00','1',1),(36,'DISCRIMINACION','2025-09-09 00:00:00','1',1),(37,'ENTREVISTA POR CONFLICTOS VECINALES','2025-09-09 00:00:00','1',1),(38,'ESCANDALO, GRITAR Y/O VOCIFERAR','2025-09-09 00:00:00','1',1),(39,'ESTABLECIMIENTOS COMERCIALES','2025-09-09 00:00:00','1',1),(40,'ESTAFA Y OTRAS DEFRAUDACIONES','2025-09-09 00:00:00','1',1),(41,'EVENTOS Y/O CEREMONIAS','2025-09-09 00:00:00','1',1),(42,'EXPENDER BEBIDAS ALCOHOLICAS FUERA DE HORARIO','2025-09-09 00:00:00','1',1),(43,'EXPOSICION O ABANDONO DE PERSONAS EN PELIGRO','2025-09-09 00:00:00','1',1),(44,'EXTORSION Y CHANTAJE','2025-09-09 00:00:00','1',1),(45,'GRESCA','2025-09-09 00:00:00','1',1),(46,'HALLAZGO DE CADAVER','2025-09-09 00:00:00','1',1),(47,'HALLAZGO DE OBJETOS','2025-09-09 00:00:00','1',1),(48,'HALLAZGO O BUSQUEDA DE ANIMALES EXTRAVIADOS','2025-09-09 00:00:00','1',1),(49,'HECHOS A ESTABLECIMIENTOS COMERCIAL','2025-09-09 00:00:00','1',1),(50,'HECHOS A TRANSEUNTES DENTRO DE LOCAL COMERCIAL','2025-09-09 00:00:00','1',1),(51,'HECHOS A TRANSEUNTES EN LA VIA PUBLICA','2025-09-09 00:00:00','1',1),(52,'HOTELES','2025-09-09 00:00:00','1',1),(53,'HURTOS SITEMATICO','2025-09-09 00:00:00','1',1),(54,'IDENTIFICACION DE PERSONAS','2025-09-09 00:00:00','1',1),(55,'IGLESIAS','2025-09-09 00:00:00','1',1),(56,'INCENDIO DE VEHICULOS','2025-09-09 00:00:00','1',1),(57,'INSTITUCIONES EDUCATIVAS','2025-09-09 00:00:00','1',1),(58,'INTENTO DE SUICIDIO','2025-09-09 00:00:00','1',1),(59,'LAVADO DE VEHICULO EN LA VIA PUBLICA','2025-09-09 00:00:00','1',1),(60,'LAVADORES DE VEHICULOS','2025-09-09 00:00:00','1',1),(61,'LUCIERNAGA','2025-09-09 00:00:00','1',1),(62,'MALECONES, PLAYAS Y ACANTILADOS','2025-09-09 00:00:00','1',1),(63,'MAMPARAS Y/O ESATBLECIMIENTOS COMERCIALES','2025-09-09 00:00:00','1',1),(64,'MEGA OPERATIVO','2025-09-09 00:00:00','1',1),(65,'MENDICIDAD','2025-09-09 00:00:00','1',1),(66,'MICROCOMERCIALIZACION DE DROGAS','2025-09-09 00:00:00','1',1),(67,'MORDEDURA DE ANIMALES','2025-09-09 00:00:00','1',1),(68,'MOTO COLECTIVO','2025-09-09 00:00:00','1',1),(69,'OBRAS DE CONTRUCCION','2025-09-09 00:00:00','1',1),(70,'OBSTACULIZAR LIBRE TRANSITO EN VIA PUBLICA','2025-09-09 00:00:00','1',1),(71,'OFENSAS Y ACTOS CONTRA EL PUDOR','2025-09-09 00:00:00','1',1),(72,'OLORES TOXICOS Y/O MALOS OLORES','2025-09-09 00:00:00','1',1),(73,'ORDEN Y CONTROL','2025-09-09 00:00:00','1',1),(74,'ORIENTACION A RECICLADORES','2025-09-09 00:00:00','1',1),(75,'OTRAS INTERVENCIONES (CONSULTAS, PARTE INTERNO, ENTREVISTAS)','2025-09-09 00:00:00','1',1),(76,'PARQUEADORES INFORMALES','2025-09-09 00:00:00','1',1),(77,'PATRULLAJE SIN FRONTERAS','2025-09-09 00:00:00','1',1),(78,'PERSONAS DESORIENTADAS Y/O EXTRAVIADAS','2025-09-09 00:00:00','1',1),(79,'PERSONAS DORMITANDO EN VIA PUBLICA Y/O PARQUES','2025-09-09 00:00:00','1',1),(80,'PERSONAS EN ESTADO DE EBRIEDAD Y/O ALUCINOGENOS','2025-09-09 00:00:00','1',1),(81,'PERSONAS SOSPECHOSAS','2025-09-09 00:00:00','1',1),(82,'PROSTITUCION','2025-09-09 00:00:00','1',1),(83,'PUERTAS Y/O COCHERAS ABIERTAS DE INMUEBLES','2025-09-09 00:00:00','1',1),(84,'RECICLADORES','2025-09-09 00:00:00','1',1),(85,'RESCATE DE PERSONAS (EN PLAYAS Y/O ACANTILADOS)','2025-09-09 00:00:00','1',1),(86,'RESTAURANTES / CENTROS COMERCIALES','2025-09-09 00:00:00','1',1),(87,'ROBO A VIVIENDA MULTIFAMILIAR','2025-09-09 00:00:00','1',1),(88,'ROBO A VIVIENDA UNIFAMILIAR','2025-09-09 00:00:00','1',1),(89,'ROBO DE AUTOPARTES Y/O ACCESORIOS','2025-09-09 00:00:00','1',1),(90,'ROBO DE VEHICULOS','2025-09-09 00:00:00','1',1),(91,'ROBO DE VEHICULOS MENORES','2025-09-09 00:00:00','1',1),(92,'RUIDOS POR ACTIVIDADES EN COLEGIOS','2025-09-09 00:00:00','1',1),(93,'RUIDOS POR ALARMA Y/O BOCINA','2025-09-09 00:00:00','1',1),(94,'RUIDOS POR ANIMALES','2025-09-09 00:00:00','1',1),(95,'RUIDOS POR INSTRUMENTOS MUSICALES, SILBATOS, CAMPANAS Y OTROS','2025-09-09 00:00:00','1',1),(96,'RUIDOS POR MAQUINAS Y/O MOTORES','2025-09-09 00:00:00','1',1),(97,'RUIDOS POR MUSICA Y/O FIESTAS','2025-09-09 00:00:00','1',1),(98,'RUIDOS POR TRABAJOS EN VIVIENDAS','2025-09-09 00:00:00','1',1),(99,'RUIDOS POR TRABAJOS FUERA DE HORARIO','2025-09-09 00:00:00','1',1),(100,'SECUESTRO','2025-09-09 00:00:00','1',1),(101,'TAXISTAS DORMITANDO','2025-09-09 00:00:00','1',1),(102,'TERRENOS BALDIOS, MALECONES Y OTROS','2025-09-09 00:00:00','1',1),(103,'TRABAJOS EN VIA PUBLICA O MANTENIMIENTO DEL ORNATO','2025-09-09 00:00:00','1',1),(104,'TRABAJOS SIN IMPLEMENTOS DE SEGURIDAD','2025-09-09 00:00:00','1',1),(105,'TRATA DE PERSONAS','2025-09-09 00:00:00','1',1),(106,'USO DE PRODUCTOS PIROTECNICOS SIN AUTORIZACION','2025-09-09 00:00:00','1',1),(107,'VEHICULOS CON DESPERFECTOS MECANICOS','2025-09-09 00:00:00','1',1),(108,'VEHICULOS EN APARENTE ESTADO DE ABANDONO','2025-09-09 00:00:00','1',1),(109,'VEHICULOS MAL ESTACIONADOS','2025-09-09 00:00:00','1',1),(110,'VEHICULOS SIN MEDIDAS DE SEGURIDAD','2025-09-09 00:00:00','1',1),(111,'VEHICULOS SOSPECHOSOS','2025-09-09 00:00:00','1',1),(112,'VERIFICACION DE MUDANZA','2025-09-09 00:00:00','1',1),(113,'VERIFICACION DE PUENTES','2025-09-09 00:00:00','1',1),(114,'VIGILANTES EN OBRAS DE CONSTRUCCION','2025-09-09 00:00:00','1',1),(115,'VIOLACION A LA INTIMIDAD','2025-09-09 00:00:00','1',1),(116,'VIOLACION DE DOMICILIO','2025-09-09 00:00:00','1',1),(117,'VIOLACION SEXUAL','2025-09-09 00:00:00','1',1),(118,'VIOLENCIA ECONOMICA O PATRIMONIAL','2025-09-09 00:00:00','1',1),(119,'VIOLENCIA FISICA Y/O PSICOLOGICA','2025-09-09 00:00:00','1',1),(120,'VIOLENCIA SEXUAL','2025-09-09 00:00:00','1',1),(121,'VIVIENDAS Y/O EDIFICIOS','2025-09-09 00:00:00','1',1),(122,'PERSONAS EN ZONA RESTRINGIDA','2025-09-09 00:00:00','1',1);
/*!40000 ALTER TABLE `mstr_incidence_subtype` ENABLE KEYS */;
UNLOCK TABLES;

--
-- Dumping data for table `mstr_incidence_type`
--

LOCK TABLES `mstr_incidence_type` WRITE;
/*!40000 ALTER TABLE `mstr_incidence_type` DISABLE KEYS */;
INSERT INTO `mstr_incidence_type` VALUES (1,'ACCIDENTES DE TRANSITO','2025-09-09 00:00:00','1',1),(2,'ANIEGOS','2025-09-09 00:00:00','1',1),(3,'APOYO AL CONTRIBUYENTE','2025-09-09 00:00:00','1',1),(4,'APOYO EN LLEGADA Y/O SALIDA DE TURISTAS','2025-09-09 00:00:00','1',1),(5,'ARROJO DE BASURA, DESMONTE Y/O MALEZA','2025-09-09 00:00:00','1',1),(6,'ATENCION A PERSONAS VULNERABLES','2025-09-09 00:00:00','1',1),(7,'AUXILIO VIAL','2025-09-09 00:00:00','1',1),(8,'CABLES SUELTOS, BUZON SIN TAPA, POSTES DAÑADOS Y/O CAIDOS','2025-09-09 00:00:00','1',1),(9,'CAIDA DE ARBOLES','2025-09-09 00:00:00','1',1),(10,'COLAPSO Y DERRUMBES','2025-09-09 00:00:00','1',1),(11,'CONDUCIR VEHICULOS DE MANERA TEMERARIAS','2025-09-09 00:00:00','1',1),(12,'CONGESTION VEHICULAR','2025-09-09 00:00:00','1',1),(13,'CONSIGNAS','2025-09-09 00:00:00','1',1),(14,'DEFLAGRACION DE SUSTANCIAS INFLAMABLES','2025-09-09 00:00:00','1',1),(15,'DEPOSICIONES DE LOS ANIMALES','2025-09-09 00:00:00','1',1),(16,'DERRAME DE SUSTANCIAS TOXICAS','2025-09-09 00:00:00','1',1),(17,'DETERIORO DEL ORNATO Y FALTA DE MANTENIMIENTO','2025-09-09 00:00:00','1',1),(18,'ENSUCIAR LA VIA PUBLICA POR REALIZAR NECESIDADES FISIOLOGICAS','2025-09-09 00:00:00','1',1),(19,'FALTA DE ILUMINACION Y/O POSTES DE LUZ INOPERATIVOS','2025-09-09 00:00:00','1',1),(20,'FALTA DE SEÑALIZACION DE SEGURIDAD VIAL','2025-09-09 00:00:00','1',1),(21,'FORADOS Y/O HUECOS EN EL ORNATO','2025-09-09 00:00:00','1',1),(22,'HECHO CONTRA EL PATRIMONIO','2025-09-09 00:00:00','1',1),(23,'HECHO CONTRA LA LIBERTAD','2025-09-09 00:00:00','1',1),(24,'HECHO CONTRA LA VIDA EL CUERPO Y LA SALUD','2025-09-09 00:00:00','1',1),(25,'HECHOS CONTRA LA SEGURIDAD PUBLICA','2025-09-09 00:00:00','1',1),(26,'INCENDIO','2025-09-09 00:00:00','1',1),(27,'INDIGENTES','2025-09-09 00:00:00','1',1),(28,'JUEGOS Y/O MAQUINARIAS EN MAL ESTADO','2025-09-09 00:00:00','1',1),(29,'OBSTACULIZAR LIBRE TRANSITO EN INMUEBLES','2025-09-09 00:00:00','1',1),(30,'OPERATIVOS','2025-09-09 00:00:00','1',1),(31,'ORDEN PUBLICO','2025-09-09 00:00:00','1',1),(32,'ORIENTACION','2025-09-09 00:00:00','1',1),(33,'OTROS HECHOS CONTRA EL PATRIMONIO','2025-09-09 00:00:00','1',1),(34,'PARADERO INFORMAL O COLECTIVOS','2025-09-09 00:00:00','1',1),(35,'PODA DE ARBOLES Y/O JARDINES','2025-09-09 00:00:00','1',1),(36,'RUIDOS MOLESTOS','2025-09-09 00:00:00','1',1),(37,'SEMAFOROS INOPERATIVOS','2025-09-09 00:00:00','1',1),(38,'SITUACION PRECARIA','2025-09-09 00:00:00','1',1),(39,'SOSPECHOSOS','2025-09-09 00:00:00','1',1),(40,'TRANSPORTE PUBLICO FUERA DE RUTA','2025-09-09 00:00:00','1',1),(41,'VEHICULOS EN ZONA RIGIDA','2025-09-09 00:00:00','1',1),(42,'VIOLENCIA CONTRA LA MUJER Y LOS INTEGRANTES DEL GRUPO FAMILIAR','2025-09-09 00:00:00','1',1),(43,'PERSONAS EN ZONA RESTRINGIDA\n','2025-09-17 00:00:00','1',1),(44,'PERSONAS DESAPARECIDAS\n','2025-09-17 00:00:00','1',1);
/*!40000 ALTER TABLE `mstr_incidence_type` ENABLE KEYS */;
UNLOCK TABLES;

--
-- Dumping data for table `mstr_mode`
--

LOCK TABLES `mstr_mode` WRITE;
/*!40000 ALTER TABLE `mstr_mode` DISABLE KEYS */;
INSERT INTO `mstr_mode` VALUES (1,'Arrebato','2025-09-09 00:00:00','1',1),(2,'Asalto a mano armada','2025-09-09 00:00:00','1',1),(3,'Hurto Agravado','2025-09-09 00:00:00','1',1),(4,'Hurto Estacionado','2025-09-09 00:00:00','1',1),(5,'Hurto simple','2025-09-09 00:00:00','1',1),(6,'Tendero','2025-09-09 00:00:00','1',1),(7,'Tentativa','2025-09-09 00:00:00','1',1);
/*!40000 ALTER TABLE `mstr_mode` ENABLE KEYS */;
UNLOCK TABLES;

--
-- Dumping data for table `mstr_origin`
--

LOCK TABLES `mstr_origin` WRITE;
/*!40000 ALTER TABLE `mstr_origin` DISABLE KEYS */;
INSERT INTO `mstr_origin` VALUES (1,'Aplicativo Móvil','2025-09-09 15:46:40','1',1,NULL),(2,'Comisaria','2025-09-09 15:46:40','1',1,NULL),(3,'Correo Electrónico','2025-09-09 15:46:40','1',1,NULL),(4,'Página Web','2025-09-09 15:46:40','1',1,NULL),(5,'Redes Sociales','2025-09-09 15:46:40','1',1,NULL),(6,'Sereno','2025-09-09 15:46:40','1',1,NULL),(7,'SOS','2025-09-09 15:46:40','1',1,NULL),(8,'Teléfono-PBX','2025-09-09 15:46:40','1',1,NULL),(9,'Visualizacion Cámara','2025-09-09 15:46:40','1',1,NULL),(10,'CIVIX','2025-09-10 00:00:00','1',1,NULL);
/*!40000 ALTER TABLE `mstr_origin` ENABLE KEYS */;
UNLOCK TABLES;

--
-- Dumping data for table `mstr_unit`
--

LOCK TABLES `mstr_unit` WRITE;
/*!40000 ALTER TABLE `mstr_unit` DISABLE KEYS */;
INSERT INTO `mstr_unit` VALUES (1,'APOYO AL TURISTA','2025-09-09 00:00:00','1',1),(2,'DEFENSA CIVIL','2025-09-09 00:00:00','1',1),(3,'DESARROLLO HUMANO','2025-09-09 00:00:00','1',1),(4,'FISCALIZACIÓN','2025-09-09 00:00:00','1',1),(5,'OBRAS Y SERVICIOS PÚBLICOS','2025-09-09 00:00:00','1',1),(6,'SEGURIDAD CIUDADANA','2025-09-09 00:00:00','1',1),(7,'SEGURIDAD VIAL','2025-09-09 00:00:00','1',1);
/*!40000 ALTER TABLE `mstr_unit` ENABLE KEYS */;
UNLOCK TABLES;
/*!40103 SET TIME_ZONE=@OLD_TIME_ZONE */;

/*!40101 SET SQL_MODE=@OLD_SQL_MODE */;
/*!40014 SET FOREIGN_KEY_CHECKS=@OLD_FOREIGN_KEY_CHECKS */;
/*!40014 SET UNIQUE_CHECKS=@OLD_UNIQUE_CHECKS */;
/*!40101 SET CHARACTER_SET_CLIENT=@OLD_CHARACTER_SET_CLIENT */;
/*!40101 SET CHARACTER_SET_RESULTS=@OLD_CHARACTER_SET_RESULTS */;
/*!40101 SET COLLATION_CONNECTION=@OLD_COLLATION_CONNECTION */;
/*!40111 SET SQL_NOTES=@OLD_SQL_NOTES */;

-- Dump completed on 2025-11-18  8:39:20
